Workbook

Sheet ticket
A1: ticket_id | B1: created_at | C1: closed_at | D1: outlet_id | E1: cms_id | F1: same_day | G1: same_hour
A2: tkt-001 | B2: 44428.51 | C2: 44428.626 | D2: OUT-03 | E2: CMS-001 | F2: =IF(INT(B2)=INT(C2),1,0) -> 1 | G2: =IF(AND(INT(B2)=INT(C2), HOUR(B2)=HOUR(C2)),1,0) -> 0
A3: tkt-002 | B3: 44429.292 | C3: 44429.371 | D3: OUT-03 | E3: CMS-002 | F3: =IF(INT(B3)=INT(C3),1,0) -> 1 | G3: =IF(AND(INT(B3)=INT(C3), HOUR(B3)=HOUR(C3)),1,0) -> 0
A4: tkt-003 | B4: 44427.748 | C4: 44427.988 | D4: OUT-03 | E4: CMS-003 | F4: =IF(INT(B4)=INT(C4),1,0) -> 1 | G4: =IF(AND(INT(B4)=INT(C4), HOUR(B4)=HOUR(C4)),1,0) -> 0
A5: tkt-004 | B5: 44428.225 | C5: 44428.431 | D5: OUT-03 | E5: CMS-004 | F5: =IF(INT(B5)=INT(C5),1,0) -> 1 | G5: =IF(AND(INT(B5)=INT(C5), HOUR(B5)=HOUR(C5)),1,0) -> 0
A6: tkt-005 | B6: 44431.688 | C6: 44431.9 | D6: OUT-03 | E6: CMS-005 | F6: =IF(INT(B6)=INT(C6),1,0) -> 1 | G6: =IF(AND(INT(B6)=INT(C6), HOUR(B6)=HOUR(C6)),1,0) -> 0
A7: tkt-006 | B7: 44434.498 | C7: 44434.742 | D7: OUT-01 | E7: CMS-006 | F7: =IF(INT(B7)=INT(C7),1,0) -> 1 | G7: =IF(AND(INT(B7)=INT(C7), HOUR(B7)=HOUR(C7)),1,0) -> 0
A8: tkt-007 | B8: 44432.688 | C8: 44432.708 | D8: OUT-03 | E8: CMS-007 | F8: =IF(INT(B8)=INT(C8),1,0) -> 1 | G8: =IF(AND(INT(B8)=INT(C8), HOUR(B8)=HOUR(C8)),1,0) -> 1
A9: tkt-008 | B9: 44430.472 | C9: 44430.538 | D9: OUT-03 | E9: CMS-008 | F9: =IF(INT(B9)=INT(C9),1,0) -> 1 | G9: =IF(AND(INT(B9)=INT(C9), HOUR(B9)=HOUR(C9)),1,0) -> 0
A10: tkt-009 | B10: 44428.992 | C10: 44429.015 | D10: OUT-02 | E10: CMS-009 | F10: =IF(INT(B10)=INT(C10),1,0) -> 0 | G10: =IF(AND(INT(B10)=INT(C10), HOUR(B10)=HOUR(C10)),1,0) -> 0
A11: tkt-010 | B11: 44435.14 | C11: 44435.349 | D11: OUT-01 | E11: CMS-010 | F11: =IF(INT(B11)=INT(C11),1,0) -> 1 | G11: =IF(AND(INT(B11)=INT(C11), HOUR(B11)=HOUR(C11)),1,0) -> 0
A12: tkt-011 | B12: 44430.989 | C12: 44431.05 | D12: OUT-03 | E12: CMS-011 | F12: =IF(INT(B12)=INT(C12),1,0) -> 0 | G12: =IF(AND(INT(B12)=INT(C12), HOUR(B12)=HOUR(C12)),1,0) -> 0
A13: tkt-012 | B13: 44429.785 | C13: 44430.006 | D13: OUT-03 | E13: CMS-012 | F13: =IF(INT(B13)=INT(C13),1,0) -> 0 | G13: =IF(AND(INT(B13)=INT(C13), HOUR(B13)=HOUR(C13)),1,0) -> 0
... A101: tkt-100 | B101: 44434.915 | C101: 44434.979 | D101: OUT-02 | E101: CMS-100 | F101: =IF(INT(B101)=INT(C101),1,0) -> 1 | G101: =IF(AND(INT(B101)=INT(C101), HOUR(B101)=HOUR(C101)),1,0) -> 0

Sheet feedbacks
A1: cms_id | B1: feedback_at | C1: feedback_rating | D1: ticket_created_at
A2: CMS-001 | B2: 44429.251 | C2: 1 | D2: =_xlfn.XLOOKUP(A2, ticket!E:E, ticket!B:B) -> 44428.51
A3: CMS-002 | B3: 44430.204 | C3: 4 | D3: =_xlfn.XLOOKUP(A3, ticket!E:E, ticket!B:B) -> 44429.292
A4: CMS-003 | B4: 44428.613 | C4: 5 | D4: =_xlfn.XLOOKUP(A4, ticket!E:E, ticket!B:B) -> 44427.748
A5: CMS-004 | B5: 44428.973 | C5: 2 | D5: =_xlfn.XLOOKUP(A5, ticket!E:E, ticket!B:B) -> 44428.225
A6: CMS-005 | B6: 44432.442 | C6: 1 | D6: =_xlfn.XLOOKUP(A6, ticket!E:E, ticket!B:B) -> 44431.688
A7: CMS-006 | B7: 44435.284 | C7: 5 | D7: =_xlfn.XLOOKUP(A7, ticket!E:E, ticket!B:B) -> 44434.498
A8: CMS-007 | B8: 44432.916 | C8: 3 | D8: =_xlfn.XLOOKUP(A8, ticket!E:E, ticket!B:B) -> 44432.688
A9: CMS-008 | B9: 44430.747 | C9: 5 | D9: =_xlfn.XLOOKUP(A9, ticket!E:E, ticket!B:B) -> 44430.472
A10: CMS-009 | B10: 44429.765 | C10: 2 | D10: =_xlfn.XLOOKUP(A10, ticket!E:E, ticket!B:B) -> 44428.992
A11: CMS-010 | B11: 44435.516 | C11: 1 | D11: =_xlfn.XLOOKUP(A11, ticket!E:E, ticket!B:B) -> 44435.14
A12: CMS-011 | B12: 44431.633 | C12: 2 | D12: =_xlfn.XLOOKUP(A12, ticket!E:E, ticket!B:B) -> 44430.989
A13: CMS-012 | B13: 44430.506 | C13: 5 | D13: =_xlfn.XLOOKUP(A13, ticket!E:E, ticket!B:B) -> 44429.785
... A101: CMS-100 | B101: 44435.688 | C101: 5 | D101: =_xlfn.XLOOKUP(A101, ticket!E:E, ticket!B:B) -> 44434.915

Sheet outlet-wise_count(task-2)
A3: Row Labels | B3: Sum of same_day | C3: Sum of same_hour
A4: OUT-01 | B4: 29 | C4: 1
A5: OUT-02 | B5: 28 | C5: 2
A6: OUT-03 | B6: 28 | C6: 4
A7: (blank)
A8: Grand Total | B8: 85 | C8: 7
